Epoch,Train_Loss,Valid_Loss,Hit_10,MeanRank
1,143708.8125,1326.2330322265625,0.002828854314002829,16183.809759547383
2,96685.6640625,1101.447509765625,0.007425742574257425,13731.810113154173
3,65494.8671875,963.087890625,0.014497878359264497,11682.974186704385
4,45267.77734375,818.2238159179688,0.016265912305516265,9730.327439886845
5,31914.435546875,668.519287109375,0.015205091937765204,8258.582743988685
6,23457.830078125,585.3826904296875,0.02652050919377652,6387.138967468175
7,17572.21484375,476.4437255859375,0.027934936350777935,5249.041371994343
8,13659.94140625,395.7720947265625,0.033592644978783594,4579.553394625177
9,10694.1171875,354.71282958984375,0.04031117397454031,3590.4649929278644
10,8660.908203125,301.39422607421875,0.05480905233380481,2966.8606789250352
11,6985.25732421875,285.2045593261719,0.08097595473833098,2661.6771570014143
12,5971.41552734375,245.99240112304688,0.08804809052333805,2556.672206506365
13,5045.35791015625,225.54132080078125,0.1074964639321075,2069.9271570014143
14,4196.943359375,197.42251586914062,0.14144271570014144,1767.5088401697312
15,3673.952392578125,195.2970733642578,0.15063649222065065,1650.248585572843
16,3195.327880859375,159.6894073486328,0.16831683168316833,1860.4338755304102
17,2984.324462890625,170.9479522705078,0.18564356435643564,1515.4098302687412
18,2617.94580078125,152.36203002929688,0.2103960396039604,1357.5516265912306
19,2383.27197265625,158.17459106445312,0.23833097595473834,1395.3341584158416
20,2110.060546875,147.85826110839844,0.2606082036775106,1311.5838048090523
21,2014.572509765625,121.66742706298828,0.272984441301273,1599.0979490806224
22,1843.1783447265625,123.11212921142578,0.3094059405940594,1268.8903818953324
23,1641.0623779296875,126.03494262695312,0.3426449787835926,1199.6067892503536
24,1510.06298828125,108.2986068725586,0.36562942008486565,1190.0038896746817
25,1524.069091796875,130.11294555664062,0.37093352192362095,1144.4077086280056
26,1370.8936767578125,107.63521575927734,0.3702263083451202,1311.9257425742574
27,1343.010986328125,87.18277740478516,0.38330975954738333,1157.625530410184
28,1293.1927490234375,111.80108642578125,0.4197312588401697,1120.658062234795
29,1160.8607177734375,100.74032592773438,0.4207920792079208,1062.3698727015558
30,1124.1912841796875,95.10965728759766,0.45084865629420084,1018.745756718529
31,1062.138671875,108.27952575683594,0.46923620933521926,944.560820367751
32,1055.3817138671875,103.29357147216797,0.4664073550212164,1037.0643564356435
33,998.7835083007812,79.23094177246094,0.4915134370579915,924.2393917963225
34,962.2113037109375,100.7137222290039,0.5053041018387553,1089.5251060820367
35,973.1935424804688,110.552978515625,0.49115983026874116,1012.1562942008486
36,926.7279052734375,83.43758392333984,0.5233380480905233,1058.1898868458275
37,954.7088012695312,81.9173583984375,0.5392503536067893,945.2234794908062
38,845.9686279296875,96.10135650634766,0.536067892503536,1169.7266619519094
39,861.6068115234375,99.8983383178711,0.551980198019802,1124.870226308345
40,850.2960815429688,94.94768524169922,0.576025459688826,862.798090523338
41,833.3126831054688,89.32100677490234,0.5753182461103253,830.4144271570015
42,819.8177490234375,99.16218566894531,0.5986562942008486,933.6018387553041
43,755.7603149414062,83.99639892578125,0.5792079207920792,977.296676096181
44,797.34521484375,97.5767593383789,0.5983026874115983,1164.100070721358
45,778.8256225585938,91.23599243164062,0.6053748231966054,981.5792079207921
46,763.30517578125,90.97830963134766,0.5834512022630834,1065.7627298444131
47,760.8861694335938,76.95336151123047,0.6326025459688827,923.6775106082036
48,705.9855346679688,79.96839141845703,0.6276520509193777,936.516973125884
49,708.4706420898438,71.10204315185547,0.6230551626591231,1081.6884724186705
50,717.432373046875,70.99462127685547,0.6460396039603961,914.9989391796322
51,700.797607421875,73.48340606689453,0.6463932107496464,814.8185997171146
52,691.8242797851562,76.22914123535156,0.6318953323903819,846.4547383309759
53,713.5428466796875,85.9869384765625,0.6495756718528995,1063.1152758132955
54,683.9165649414062,76.0986099243164,0.6619519094766619,989.265558698727
55,668.9683227539062,91.82551574707031,0.650990099009901,828.6725601131542
56,644.4412231445312,79.42576599121094,0.6541725601131542,809.7369165487977
57,616.5645751953125,79.95711517333984,0.6524045261669024,1084.5017680339463
58,670.220947265625,71.51253509521484,0.6626591230551626,941.2775813295615
59,676.0560913085938,70.70254516601562,0.6665487977369166,1058.478783592645
60,663.7755126953125,90.41862487792969,0.6789250353606789,808.5459688826026
61,618.2034912109375,75.34146118164062,0.6810466760961811,1003.3359264497878
62,594.774658203125,79.58623504638672,0.6778642149929278,1032.2319660537482
63,611.2611083984375,77.01345825195312,0.698019801980198,821.0951202263084
64,605.8422241210938,75.19005584716797,0.6944837340876945,765.2192362093352
65,592.157470703125,62.16465377807617,0.7082743988684582,906.2503536067893
66,566.7251586914062,86.98423767089844,0.6962517680339463,1003.7683875530411
67,555.4305419921875,67.8248291015625,0.713932107496464,815.0830975954739
68,584.626953125,78.27233123779297,0.7210042432814711,847.6743281471004
69,595.7950439453125,79.85009765625,0.7181753889674681,872.8620933521923
70,568.7940063476562,70.6065444946289,0.6955445544554455,906.519801980198
71,577.1665649414062,84.56549072265625,0.708981612446959,947.9681753889674
72,546.5584106445312,69.45182037353516,0.7199434229137199,1008.3758840169731
73,522.897216796875,78.86463928222656,0.7029702970297029,839.4062942008486
74,560.7410888671875,80.69690704345703,0.7252475247524752,997.8168316831683
75,520.9838256835938,62.65709686279297,0.713932107496464,991.5544554455446
76,534.5594482421875,79.39924621582031,0.733026874115983,927.8440594059406
77,486.7925720214844,88.99293518066406,0.7376237623762376,972.7648514851485
78,512.9874267578125,95.93647766113281,0.7199434229137199,910.7811173974541
79,537.5324096679688,93.88536071777344,0.7411598302687411,889.1930693069307
80,504.4123840332031,66.32000732421875,0.7220650636492221,1014.8631541725601
81,498.82672119140625,86.55021667480469,0.7301980198019802,1012.0378359264498
82,505.3984069824219,82.55859375,0.7323196605374823,968.1043140028288
83,464.5505065917969,73.79338836669922,0.7415134370579916,1032.555162659123
84,464.28387451171875,61.05337905883789,0.7362093352192363,955.3313295615276
85,505.427978515625,75.71564483642578,0.745049504950495,855.6099717114569
86,436.4391174316406,71.1722183227539,0.751060820367751,683.4098302687412
87,429.8436584472656,65.50930786132812,0.7468175388967468,838.6799858557284
88,437.29339599609375,57.04894256591797,0.7316124469589816,909.3631541725601
89,469.7491455078125,89.51795196533203,0.7514144271570015,868.2789957567185
90,431.0424499511719,72.56428527832031,0.7655586987270155,794.6212871287129
91,427.3233337402344,67.84468078613281,0.7613154172560113,828.0742574257425
92,418.09716796875,51.853145599365234,0.7517680339462518,870.7369165487977
93,459.6168518066406,67.25270080566406,0.7538896746817539,873.516973125884
94,428.9382629394531,78.39364624023438,0.7521216407355021,903.1018387553041
95,440.1493835449219,83.47384643554688,0.7538896746817539,833.8285007072136
96,410.7096862792969,66.59835052490234,0.7482319660537482,770.4451909476662
97,397.9185485839844,57.61985397338867,0.7708628005657708,697.3214285714286
98,393.4680480957031,65.71968841552734,0.7662659123055162,692.2878359264498
99,391.46728515625,68.315185546875,0.7683875530410184,792.5792079207921
100,362.9519958496094,48.994441986083984,0.7503536067892503,910.3203677510609
101,375.4387512207031,75.7491455078125,0.7542432814710043,783.2362093352192
102,384.96258544921875,65.21849060058594,0.7715700141442716,861.6336633663366
103,408.85821533203125,62.0880241394043,0.7690947666195191,922.0947666195191
104,362.61993408203125,74.3312759399414,0.7577793493635078,851.5077793493635
105,373.4333190917969,67.94517517089844,0.7634370579915134,839.1658415841584
106,382.88360595703125,61.844242095947266,0.7613154172560113,864.9685289957567
107,331.9944763183594,73.24080657958984,0.7708628005657708,751.2673267326733
108,329.6279296875,72.5775375366211,0.7793493635077794,735.8242574257425
109,350.76409912109375,77.49237060546875,0.7637906647807637,1041.6488684582744
110,348.8616943359375,54.95982360839844,0.7772277227722773,861.9596888260255
111,383.6374816894531,64.7046127319336,0.7743988684582744,791.7680339462518
112,344.2008056640625,63.71797561645508,0.786067892503536,724.5834512022631
113,355.2923889160156,70.53749084472656,0.7881895332390382,776.7510608203678
114,400.5616455078125,80.44000244140625,0.7825318246110325,928.3005657708628
115,321.7624206542969,68.24535369873047,0.7839462517680339,836.2789957567185
116,336.88372802734375,60.896541595458984,0.7853606789250354,890.2252475247525
117,296.48095703125,77.6206283569336,0.7903111739745403,790.501414427157
118,333.4428405761719,65.24995422363281,0.7924328147100425,830.0293493635078
119,330.6451416015625,57.95671081542969,0.807991513437058,758.1630127298445
120,368.09967041015625,52.38404846191406,0.7821782178217822,922.402404526167
121,324.48980712890625,73.65924835205078,0.7892503536067893,798.978783592645
122,328.6400146484375,56.8300666809082,0.7789957567185289,983.6693776520509
123,321.5760803222656,52.15787887573242,0.7998585572842999,765.1007779349363
124,309.6112060546875,54.407920837402344,0.8009193776520509,746.9427157001414
125,312.2658996582031,70.19667053222656,0.7977369165487977,947.4851485148515
126,321.08258056640625,66.30663299560547,0.8033946251768034,818.4561527581329
127,299.14898681640625,61.28599166870117,0.7864214992927864,764.5088401697312
128,304.1459655761719,65.18612670898438,0.7934936350777935,853.7340876944837
129,300.1181945800781,52.95999526977539,0.8136492220650636,644.7351485148515
130,332.2501220703125,77.34603881835938,0.7987977369165488,925.5565770862801
131,301.63641357421875,73.39340209960938,0.7913719943422913,1000.6739745403112
132,285.0499572753906,71.07396697998047,0.8044554455445545,786.6311881188119
133,283.68878173828125,62.29609680175781,0.8037482319660537,696.6262376237623
134,318.3048400878906,74.1200180053711,0.8012729844413012,831.5894625176803
135,302.4568176269531,60.51713943481445,0.7892503536067893,974.1598302687412
136,315.6578063964844,70.15111541748047,0.8051626591230552,732.4458981612447
137,283.77288818359375,57.15119171142578,0.8051626591230552,749.5300565770863
138,276.92059326171875,59.88168716430664,0.8026874115983027,769.1488684582744
139,291.4878845214844,62.351585388183594,0.7945544554455446,861.4596888260255
140,279.04803466796875,65.48064422607422,0.8037482319660537,868.8479490806224
141,277.1687316894531,48.03678894042969,0.801980198019802,736.3511315417256
142,286.7964172363281,73.0986099243164,0.812942008486563,754.4625176803395
143,274.1638488769531,73.195068359375,0.8037482319660537,711.4045261669024
144,264.8511657714844,64.395263671875,0.8147100424328148,619.1135077793493
145,304.68463134765625,65.49874114990234,0.8154172560113154,746.8539603960396
146,276.43267822265625,62.489200592041016,0.8168316831683168,593.225954738331
147,259.6918640136719,68.06082916259766,0.8306223479490806,826.9356435643564
148,245.02842712402344,60.48195266723633,0.8171852899575672,736.3394625176803
149,288.5068359375,72.28003692626953,0.8009193776520509,832.2298444130128
150,249.77976989746094,66.51992797851562,0.8253182461103253,599.936350777935
151,282.3716735839844,43.17954635620117,0.8193069306930693,661.9964639321075
152,269.8658447265625,65.07801818847656,0.8037482319660537,792.0438472418671
153,255.72921752929688,61.17938995361328,0.8171852899575672,671.3369872701555
154,238.13925170898438,69.45213317871094,0.8044554455445545,901.8444130127299
155,268.7344970703125,55.16077423095703,0.8171852899575672,802.4763083451202
156,252.5477294921875,64.86524200439453,0.8062234794908062,896.6371994342292
157,252.6361541748047,62.18663024902344,0.8125884016973126,735.7309052333804
158,267.4004211425781,71.45532989501953,0.8256718528995757,750.8797736916549
159,260.5666198730469,66.9533920288086,0.8136492220650636,881.8465346534654
160,255.0159149169922,48.85376739501953,0.8044554455445545,897.0533946251768
161,266.634765625,60.81462097167969,0.8168316831683168,778.5770862800566
162,247.76953125,61.97942352294922,0.8203677510608204,735.2835926449787
163,237.26028442382812,62.12394714355469,0.8196605374823197,717.6379066478077
164,270.8327331542969,55.56709289550781,0.8267326732673267,743.1679632248939
165,224.46527099609375,61.56361389160156,0.8196605374823197,655.5261669024045
166,215.14622497558594,70.61294555664062,0.8136492220650636,584.0176803394626
167,238.6533660888672,60.77199935913086,0.8189533239038189,763.7068599717114
168,240.40785217285156,56.017730712890625,0.8171852899575672,734.6796322489391
169,254.04930114746094,64.57345581054688,0.8217821782178217,726.4091230551627
170,228.62046813964844,67.46891784667969,0.8171852899575672,785.1538189533239
171,261.2391357421875,60.399993896484375,0.8228429985855729,786.0901697312588
172,251.08541870117188,52.37678527832031,0.8447666195190948,570.4904526166903
173,253.7509002685547,52.3475456237793,0.8369872701555869,637.3879066478077
174,261.1679992675781,66.76964569091797,0.8171852899575672,727.3125884016973
175,228.656005859375,39.82135009765625,0.8175388967468176,734.245756718529
176,255.535888671875,49.50729751586914,0.8168316831683168,794.504243281471
177,264.17327880859375,53.896507263183594,0.8224893917963225,826.3826025459689
178,245.70626831054688,49.276031494140625,0.8094059405940595,792.1782178217821
179,247.68150329589844,59.62391662597656,0.8242574257425742,768.0144978783593
180,249.36705017089844,43.99583053588867,0.82001414427157,655.1930693069307
181,233.91424560546875,55.286441802978516,0.8235502121640735,645.4101838755304
182,247.45680236816406,72.38612365722656,0.8288543140028288,708.3582036775106
183,207.55322265625,59.09894943237305,0.8281471004243282,807.312234794908
184,228.40872192382812,54.6598014831543,0.8313295615275813,677.3744695898162
185,220.19200134277344,53.27753448486328,0.844059405940594,683.3193069306931
186,235.7314453125,70.34982299804688,0.8253182461103253,722.7553041018388
187,212.9979248046875,52.90175247192383,0.8302687411598303,730.0919377652051
188,230.6908721923828,66.55133819580078,0.82001414427157,730.4522630834512
189,214.466552734375,65.57299041748047,0.8228429985855729,788.3871994342292
190,193.49156188964844,63.9681282043457,0.8246110325318247,673.8525459688826
191,194.93328857421875,65.7414779663086,0.8426449787835927,650.463224893918
192,198.92813110351562,46.146358489990234,0.8376944837340877,717.3330975954739
193,239.16830444335938,64.4336929321289,0.8366336633663366,785.539603960396
194,210.6417236328125,71.27291107177734,0.8207213578500707,822.1410891089109
195,241.77359008789062,65.51134490966797,0.8366336633663366,605.3433521923621
196,216.03855895996094,56.71519470214844,0.8345120226308345,629.1209335219236
197,206.3981475830078,58.69449234008789,0.8224893917963225,558.4402404526166
198,221.48468017578125,72.89279174804688,0.8277934936350778,761.5767326732673
199,205.99070739746094,72.4031982421875,0.8348656294200849,754.5243988684583
200,218.73403930664062,48.09203338623047,0.8292079207920792,696.5420792079208
201,229.77603149414062,73.71407318115234,0.8313295615275813,676.8688118811881
202,209.87149047851562,48.810821533203125,0.8437057991513437,717.3256718528996
203,213.0114288330078,55.52670669555664,0.8391089108910891,647.2036775106083
204,221.3302459716797,58.844058990478516,0.842998585572843,544.4381188118812
205,206.71202087402344,52.798099517822266,0.8362800565770863,749.4925742574258
206,219.47787475585938,59.956573486328125,0.8288543140028288,703.8624469589816
207,207.34596252441406,57.94108963012695,0.8486562942008486,728.1439179632249
208,232.24240112304688,54.534584045410156,0.8493635077793493,513.3780056577086
209,202.82339477539062,73.07568359375,0.8408769448373409,656.7294908062235
210,194.88546752929688,67.82467651367188,0.8500707213578501,749.4911598302688
211,209.144287109375,58.317508697509766,0.8419377652050919,593.2072135785007
212,202.27366638183594,57.9765739440918,0.8500707213578501,644.2821782178218
213,202.19866943359375,60.17546081542969,0.8323903818953324,589.322135785007
214,192.9490509033203,69.95024871826172,0.8362800565770863,610.2666195190948
215,181.2877655029297,47.53120040893555,0.8472418670438473,403.8451202263083
216,188.90318298339844,47.24924850463867,0.8316831683168316,624.7468175388967
217,204.43753051757812,45.64517593383789,0.832036775106082,687.282531824611
218,218.22178649902344,40.792476654052734,0.8408769448373409,843.785360678925
219,209.3382568359375,51.33876419067383,0.8401697312588402,555.2775813295615
220,202.3014373779297,61.88163757324219,0.8355728429985856,739.6937765205092
221,224.7711181640625,51.73131561279297,0.8514851485148515,717.0894625176803
222,198.73141479492188,44.27629089355469,0.8507779349363508,795.7602545968882
223,231.0294189453125,53.85986328125,0.8539603960396039,772.3971004243282
224,176.85162353515625,60.121795654296875,0.8355728429985856,748.9925742574258
225,178.19363403320312,51.496578216552734,0.8359264497878359,646.1835219236209
226,195.79412841796875,57.761146545410156,0.8507779349363508,735.8939179632249
227,225.5534210205078,61.39508819580078,0.842998585572843,702.7800565770863
228,201.3235626220703,50.21701431274414,0.8483026874115983,720.4352899575672
229,197.0738525390625,72.38519287109375,0.842998585572843,767.3302687411598
230,202.22650146484375,69.19456481933594,0.8362800565770863,724.8352192362094
231,213.95266723632812,55.78740310668945,0.8451202263083452,587.1456859971712
232,198.6750946044922,64.09226989746094,0.8306223479490806,763.6768033946252
233,161.35134887695312,54.61479187011719,0.8521923620933521,764.563649222065
234,174.53529357910156,55.089290618896484,0.8405233380480905,590.1028995756718
235,191.4894256591797,59.545249938964844,0.8401697312588402,708.4681753889674
236,180.5611572265625,60.725257873535156,0.8444130127298444,656.259900990099
237,187.60340881347656,69.28038787841797,0.8405233380480905,848.4169024045261
238,158.8261260986328,51.23554992675781,0.8518387553041018,677.902404526167
239,181.71353149414062,53.94644546508789,0.8394625176803394,610.7238330975955
240,174.94378662109375,53.873985290527344,0.8302687411598303,788.6219943422914
241,173.50408935546875,47.661903381347656,0.8408769448373409,644.6775106082036
242,195.67282104492188,58.12362289428711,0.8550212164073551,603.3147100424328
243,181.75570678710938,50.100746154785156,0.8543140028288543,713.1644271570015
244,218.2181854248047,51.96946334838867,0.8345120226308345,797.0456152758132
245,210.24444580078125,50.065895080566406,0.8532531824611033,591.5346534653465
246,154.550048828125,55.10891342163086,0.847949080622348,792.9483734087695
247,185.61288452148438,77.75688171386719,0.8582036775106082,585.8995756718529
248,179.89358520507812,62.99604797363281,0.8500707213578501,773.8772984441301
249,182.42616271972656,63.42169952392578,0.8500707213578501,871.019801980198
250,175.52249145507812,56.515647888183594,0.8511315417256011,622.9501414427157
251,188.61764526367188,63.54193878173828,0.8511315417256011,718.4748939179632
252,166.2684783935547,52.44234848022461,0.8606789250353607,709.3330975954739
253,174.76083374023438,48.072444915771484,0.8369872701555869,742.5841584158416
254,166.858154296875,43.59893035888672,0.847949080622348,647.3521923620933
255,157.8849639892578,56.052330017089844,0.85997171145686,664.953323903819
256,216.1693878173828,57.73284149169922,0.8585572842998586,637.7496463932107
257,191.57008361816406,56.56184768676758,0.8426449787835927,770.0983026874115
258,197.69696044921875,60.89971923828125,0.8585572842998586,534.0954738330976
259,175.9060821533203,47.69248580932617,0.8447666195190948,758.2630834512023
260,146.9102325439453,47.118743896484375,0.8528995756718529,699.4214992927864
261,165.00421142578125,65.37474822998047,0.8567892503536068,575.9628712871287
262,190.86595153808594,63.0438232421875,0.8433521923620934,756.7751060820368
263,189.3881072998047,62.93573760986328,0.8465346534653465,832.5880480905233
264,179.69378662109375,49.505558013916016,0.8511315417256011,647.512729844413
265,176.6255645751953,63.646018981933594,0.8362800565770863,712.5944130127299
266,185.59371948242188,56.259178161621094,0.8433521923620934,715.8044554455446
267,194.23593139648438,60.45431900024414,0.8528995756718529,635.6615983026874
268,188.63803100585938,54.977783203125,0.8514851485148515,674.5137906647808
269,161.31724548339844,55.62226104736328,0.849009900990099,655.7846534653465
270,181.7287139892578,73.3635025024414,0.8518387553041018,739.0176803394626
271,170.01376342773438,58.23582458496094,0.8497171145685997,652.5077793493635
272,178.38587951660156,63.59599685668945,0.8557284299858557,773.7029702970297
273,155.4816131591797,53.699947357177734,0.8359264497878359,652.6039603960396
274,164.9261932373047,65.00872802734375,0.8433521923620934,681.51414427157
275,178.888427734375,66.66582489013672,0.8543140028288543,696.1584158415842
276,150.6090850830078,43.09151077270508,0.8419377652050919,639.1205799151344
277,156.83023071289062,53.674495697021484,0.8504243281471005,562.9713578500707
278,191.29180908203125,65.55440521240234,0.8504243281471005,513.8327439886846
279,172.4029541015625,45.54594039916992,0.8376944837340877,609.5406647807638
280,155.6969451904297,58.5433235168457,0.8433521923620934,789.3511315417256
281,170.1168670654297,57.02113723754883,0.871994342291372,562.223125884017
282,179.9970703125,55.62590789794922,0.8387553041018387,695.563649222065
283,158.05628967285156,60.6964111328125,0.8525459688826026,583.1958981612447
284,164.2344970703125,62.172054290771484,0.8539603960396039,693.9572135785007
285,174.35369873046875,45.670860290527344,0.8468882602545968,775.7924328147101
286,174.341064453125,54.64883804321289,0.8574964639321075,660.1513437057991
287,172.8636932373047,55.024444580078125,0.8274398868458275,893.7878359264498
288,152.9246368408203,59.744049072265625,0.864922206506365,663.1937765205092
289,190.73085021972656,60.28581619262695,0.8585572842998586,624.727369165488
290,191.9740753173828,72.02555847167969,0.8412305516265912,779.5410183875531
291,178.62582397460938,67.76251220703125,0.8536067892503536,600.2701555869872
292,183.69137573242188,61.995731353759766,0.8444130127298444,683.7284299858558
293,179.66314697265625,49.149803161621094,0.8546676096181046,701.7128712871287
294,168.0763702392578,57.264060974121094,0.8589108910891089,599.2100424328147
295,146.01231384277344,57.77238464355469,0.8582036775106082,639.8157708628006
296,163.679931640625,49.77054214477539,0.847949080622348,717.2026166902405
297,160.85675048828125,65.97359466552734,0.8504243281471005,813.7609618104667
298,191.4606475830078,61.01589584350586,0.8578500707213579,736.0417256011316
299,177.7705841064453,54.85690689086914,0.8539603960396039,535.425035360679
300,163.6685333251953,47.019012451171875,0.8525459688826026,693.0583451202264
301,163.37725830078125,46.0710563659668,0.8461810466760962,636.2733380480905
302,166.21002197265625,44.638572692871094,0.8528995756718529,826.6661951909476
303,165.85198974609375,43.294960021972656,0.8734087694483734,666.8433521923621
304,142.74217224121094,57.8367805480957,0.8539603960396039,709.8536067892503
305,158.790771484375,52.98609924316406,0.8532531824611033,719.7606082036775
306,153.40037536621094,53.71271896362305,0.8624469589816125,643.998585572843
307,157.19297790527344,47.74250411987305,0.8606789250353607,599.52828854314
308,156.8989715576172,79.89789581298828,0.862093352192362,617.3741159830269
309,155.1675262451172,50.85556411743164,0.8518387553041018,676.3079915134371
310,157.54306030273438,63.4930305480957,0.8673974540311173,710.0031824611033
311,185.42303466796875,60.0714111328125,0.8681046676096181,625.8228429985855
312,156.2346954345703,54.84956359863281,0.8553748231966054,746.2461103253182
313,147.46311950683594,60.44474411010742,0.8475954738330976,697.5912305516266
314,182.16470336914062,41.84303665161133,0.8635077793493635,724.9946958981612
315,171.95248413085938,46.693603515625,0.8723479490806223,678.4816124469589
316,151.98641967773438,48.59550094604492,0.8681046676096181,618.9108910891089
317,172.0543670654297,44.368507385253906,0.8681046676096181,629.6725601131542
318,161.97613525390625,55.11313247680664,0.8468882602545968,782.6453323903819
319,147.57415771484375,58.476016998291016,0.867043847241867,546.1913012729844
320,150.48867797851562,57.430362701416016,0.8528995756718529,574.7202970297029
321,147.9763946533203,54.59786605834961,0.8560820367751061,733.6969589816124
322,174.2970428466797,64.73695373535156,0.8483026874115983,759.0710749646394
323,145.7242889404297,54.179264068603516,0.8557284299858557,685.1248231966053
324,131.47274780273438,62.23447799682617,0.8504243281471005,709.1318953323904
325,171.9527587890625,69.56422424316406,0.8557284299858557,623.6920084865629
326,142.908935546875,59.63804244995117,0.8415841584158416,640.2298444130128
327,136.73907470703125,55.7524528503418,0.8592644978783592,736.3613861386139
328,134.75502014160156,48.638999938964844,0.8518387553041018,689.7178217821782
329,155.9689483642578,58.36046600341797,0.85997171145686,631.5067185289957
330,151.09327697753906,56.1600227355957,0.8596181046676096,626.0388967468175
331,130.495849609375,55.733428955078125,0.8553748231966054,620.7436350777934
332,151.82968139648438,54.58531188964844,0.8550212164073551,853.7609618104667
333,159.66099548339844,61.00143051147461,0.8536067892503536,621.3044554455446
334,135.88490295410156,49.84236145019531,0.8592644978783592,686.3253182461103
335,145.4826202392578,64.04585266113281,0.8553748231966054,672.1110325318247
336,147.13328552246094,52.17888641357422,0.8656294200848657,595.6580622347949
337,145.1797637939453,55.483619689941406,0.864922206506365,566.7775813295615
338,168.6477813720703,36.1872444152832,0.85997171145686,742.4006364922207
339,178.637451171875,68.06632232666016,0.8582036775106082,708.7001414427157
340,158.39926147460938,68.26013946533203,0.85997171145686,623.4826732673267
341,165.5988006591797,61.39326477050781,0.864922206506365,524.0162659123055
342,170.21630859375,51.65864562988281,0.842998585572843,719.1697312588402
343,142.8499755859375,61.472557067871094,0.870933521923621,552.4855021216407
344,125.06324005126953,48.9132194519043,0.8589108910891089,642.9448373408769
345,154.93617248535156,52.90878677368164,0.8546676096181046,694.1923620933522
346,162.82090759277344,56.88902282714844,0.8613861386138614,535.8659830268741
347,141.02218627929688,63.57844924926758,0.8539603960396039,790.2662659123055
348,166.0231170654297,57.74620056152344,0.8656294200848657,693.5774398868458
349,144.1106414794922,42.1844596862793,0.8666902404526167,596.9961103253182
350,148.083984375,35.94674301147461,0.8546676096181046,793.8345120226309
351,141.6272430419922,53.950279235839844,0.861032531824611,792.1725601131542
352,147.79244995117188,59.89122772216797,0.8528995756718529,681.8140028288543
353,142.8878936767578,60.553466796875,0.8705799151343706,506.3511315417256
354,137.71800231933594,54.18629455566406,0.8493635077793493,720.4586280056577
355,133.4818572998047,55.31106185913086,0.8617397454031117,615.6446251768034
356,176.1060791015625,66.5111312866211,0.8567892503536068,739.4893917963225
357,142.45431518554688,74.26235961914062,0.8451202263083452,781.9547383309759
358,170.57589721679688,32.10804748535156,0.8553748231966054,640.3557284299859
359,149.35833740234375,43.499080657958984,0.8589108910891089,681.3861386138614
360,140.50656127929688,43.75871276855469,0.8564356435643564,735.4306930693069
361,163.2217254638672,72.77747344970703,0.8730551626591231,568.8861386138614
362,128.48019409179688,50.80708694458008,0.8521923620933521,737.2899575671853
363,144.8660430908203,46.0848274230957,0.8744695898161244,628.8415841584158
364,125.47525024414062,48.59931945800781,0.8571428571428571,497.19908062234794
365,126.08050537109375,59.70622634887695,0.8475954738330976,731.7238330975955
366,120.03809356689453,57.71533966064453,0.8691654879773691,658.9512022630835
367,119.5369644165039,56.68589782714844,0.8592644978783592,734.4695898161244
368,134.12039184570312,62.62526321411133,0.8652758132956153,610.4451909476662
369,141.4899444580078,59.747772216796875,0.8518387553041018,784.980198019802
370,130.27992248535156,79.8299560546875,0.8681046676096181,542.5371287128713
371,136.8427734375,60.49174118041992,0.8645685997171145,626.5937057991514
372,126.45056915283203,64.29192352294922,0.8613861386138614,629.0792079207921
373,130.7632598876953,68.10041046142578,0.8571428571428571,755.2408062234795
374,133.74942016601562,56.758033752441406,0.8564356435643564,702.6456859971712
375,155.13803100585938,45.53963088989258,0.8532531824611033,667.549504950495
376,152.98602294921875,40.57671356201172,0.8691654879773691,670.2673267326733
377,150.96546936035156,59.87993240356445,0.8585572842998586,491.39179632248937
378,150.46206665039062,58.08185958862305,0.8727015558698727,602.8875530410184
379,143.3326416015625,48.2241096496582,0.865983026874116,750.2857142857143
380,135.23284912109375,60.66691589355469,0.8656294200848657,525.8468882602546
381,144.2716064453125,54.31326675415039,0.8645685997171145,626.7202970297029
382,183.65821838378906,63.78824996948242,0.8631541725601132,727.8521923620933
383,134.01959228515625,42.51277542114258,0.8603253182461104,594.7659123055163
384,139.5780487060547,54.556114196777344,0.8603253182461104,754.8794200848656
385,156.79827880859375,62.849246978759766,0.8536067892503536,617.8949787835926
386,144.43142700195312,52.43317413330078,0.8507779349363508,564.251414427157
387,143.31285095214844,49.51102828979492,0.8624469589816125,643.6672560113154
388,153.47523498535156,64.468994140625,0.8518387553041018,809.8698727015559
389,140.99876403808594,53.22915267944336,0.8585572842998586,598.8776520509193
390,155.67677307128906,61.949424743652344,0.8500707213578501,703.6930693069307
391,133.61502075195312,60.936065673828125,0.8578500707213579,599.1202263083451
392,127.78301239013672,57.076416015625,0.8543140028288543,757.8023338048091
393,132.9420166015625,66.96456146240234,0.8560820367751061,571.5498585572843
394,139.10955810546875,44.93133544921875,0.865983026874116,633.4296322489391
395,157.460205078125,55.8532829284668,0.8663366336633663,687.0884016973126
396,128.05686950683594,49.640342712402344,0.8458274398868458,686.974540311174
397,130.4536895751953,53.31521224975586,0.8461810466760962,665.6474540311174
398,148.47491455078125,32.50205612182617,0.8589108910891089,665.5243988684583
399,125.47632598876953,57.57340621948242,0.8483026874115983,628.1198727015559
400,146.69798278808594,49.224578857421875,0.8585572842998586,521.6014851485148
401,148.93093872070312,57.10279083251953,0.8525459688826026,611.1113861386139
402,123.92236328125,57.72930145263672,0.8553748231966054,700.7369165487977
403,137.99267578125,50.471153259277344,0.8723479490806223,659.7323196605374
404,138.65975952148438,48.67218017578125,0.8688118811881188,581.4211456859972
405,149.64120483398438,47.55464172363281,0.8585572842998586,606.8168316831683
406,149.9444580078125,52.714012145996094,0.8536067892503536,572.3995756718529
407,144.13230895996094,59.46711730957031,0.8447666195190948,696.8808345120226
408,137.0592803955078,58.155418395996094,0.8528995756718529,604.2411598302688
409,148.91171264648438,52.5572509765625,0.8585572842998586,627.3016265912305
410,140.92620849609375,47.558231353759766,0.8504243281471005,618.5035360678925
411,126.92738342285156,51.62556838989258,0.878005657708628,479.0862800565771
412,158.45394897460938,47.04061508178711,0.8592644978783592,689.5993635077793
413,136.83184814453125,49.4074821472168,0.8447666195190948,703.8960396039604
414,136.5335235595703,50.63352966308594,0.8727015558698727,538.9356435643564
415,133.1082000732422,40.47281265258789,0.8560820367751061,617.4932814710043
416,143.54534912109375,41.34129333496094,0.865983026874116,594.2676803394626
417,130.1307373046875,69.70391845703125,0.8617397454031117,741.9968175388967
418,129.0869140625,58.8128776550293,0.8702263083451203,564.5275813295615
419,134.33668518066406,64.08362579345703,0.8539603960396039,842.9222065063649
420,155.7310028076172,54.629329681396484,0.8642149929278642,619.1265912305516
421,139.36492919921875,52.46095275878906,0.8645685997171145,589.6948373408769
422,114.2840805053711,57.09296798706055,0.8645685997171145,653.8776520509193
423,140.36575317382812,32.49169921875,0.8550212164073551,656.3002121640735
424,125.53333282470703,55.266334533691406,0.8585572842998586,806.451909476662
425,133.0883026123047,37.1866340637207,0.8635077793493635,676.6587694483734
426,123.38113403320312,66.88707733154297,0.8511315417256011,652.0533946251768
427,132.4008331298828,52.829341888427734,0.8628005657708628,610.0063649222066
428,119.29634857177734,58.88821029663086,0.8525459688826026,666.6308345120226
429,143.77957153320312,48.68711471557617,0.865983026874116,649.9855021216407
430,150.32728576660156,54.79314041137695,0.8663366336633663,626.6364922206507
431,163.47474670410156,46.982303619384766,0.8695190947666195,524.5693069306931
432,143.0759735107422,50.1887321472168,0.8638613861386139,720.3762376237623
433,133.87603759765625,54.92240524291992,0.8585572842998586,672.9183168316831
434,116.01860809326172,44.921051025390625,0.8716407355021216,535.2835926449787
435,139.23631286621094,63.585731506347656,0.8557284299858557,535.322135785007
436,150.60057067871094,64.12199401855469,0.8645685997171145,668.2142857142857
437,124.16787719726562,46.7273063659668,0.8603253182461104,745.2164073550213
438,136.29054260253906,62.33548355102539,0.8567892503536068,636.2729844413012
439,142.29376220703125,63.53318405151367,0.85997171145686,895.1997878359265
440,133.1537322998047,63.34300994873047,0.8574964639321075,527.6294200848656
441,122.85395050048828,46.8713264465332,0.8589108910891089,643.1085572842999
442,141.5520477294922,45.27793884277344,0.8553748231966054,635.1729137199434
443,156.9292755126953,60.02657699584961,0.8557284299858557,555.5403111739745
444,132.4734344482422,57.222267150878906,0.865983026874116,551.4568599717114
445,129.95138549804688,58.92720031738281,0.8642149929278642,555.8005657708628
446,166.4181671142578,52.1429557800293,0.8504243281471005,775.1371994342292
447,113.77316284179688,57.377742767333984,0.8652758132956153,568.2072135785007
448,116.84609985351562,53.95692825317383,0.8656294200848657,578.9494342291372
449,134.99020385742188,38.36580276489258,0.8585572842998586,584.0378359264498
450,130.99069213867188,44.10712814331055,0.8617397454031117,580.8065770862801
451,143.56463623046875,40.20283508300781,0.8574964639321075,525.9561527581329
452,152.02615356445312,48.09458923339844,0.8617397454031117,714.7111032531825
453,157.94058227539062,62.2310905456543,0.8656294200848657,627.4359971711457
454,129.7177734375,37.86820602416992,0.8493635077793493,803.2563649222066
455,139.03187561035156,48.58596420288086,0.8546676096181046,657.7814710042433
456,138.21707153320312,46.01322555541992,0.8638613861386139,579.8281471004243
457,118.40603637695312,45.96018981933594,0.8613861386138614,556.5452616690241
458,137.071044921875,54.831298828125,0.8571428571428571,645.2425742574258
459,122.69775390625,46.743614196777344,0.8525459688826026,814.7917256011316
460,138.44818115234375,34.82476043701172,0.8596181046676096,665.7418670438473
461,125.38491821289062,53.266082763671875,0.8571428571428571,638.8932107496464
462,136.56863403320312,50.302181243896484,0.8486562942008486,803.2772277227723
463,137.0631561279297,48.867706298828125,0.8539603960396039,596.0519801980198
464,175.42910766601562,45.18140411376953,0.8582036775106082,771.9031117397454
465,139.72317504882812,69.86590576171875,0.8603253182461104,592.1966053748232
466,129.21038818359375,71.86550903320312,0.8688118811881188,643.5272277227723
467,129.3147735595703,38.160457611083984,0.8539603960396039,596.5371287128713
468,138.2584686279297,50.01276397705078,0.865983026874116,684.1916548797736
469,152.07015991210938,53.16979217529297,0.8624469589816125,706.7931400282886
470,139.77349853515625,62.865196228027344,0.8631541725601132,520.6951909476662
471,130.1314697265625,64.34541320800781,0.8624469589816125,816.2181753889674
472,106.95614624023438,51.781219482421875,0.8656294200848657,443.90558698727017
473,122.55725860595703,62.73371887207031,0.8638613861386139,618.6817538896747
474,126.93673706054688,59.73818588256836,0.8596181046676096,716.5558698727016
475,140.56817626953125,58.48638153076172,0.8362800565770863,709.7931400282886
476,127.93344116210938,56.46141052246094,0.8557284299858557,723.8330975954739
477,136.73883056640625,50.368080139160156,0.8582036775106082,572.1209335219236
478,130.71713256835938,56.034400939941406,0.867043847241867,684.0968882602546
479,140.74826049804688,49.957427978515625,0.8617397454031117,489.9649929278642
480,134.2175750732422,44.194217681884766,0.8521923620933521,804.6821074964639
481,132.56365966796875,54.584598541259766,0.8652758132956153,610.0091937765205
482,111.6888656616211,48.105628967285156,0.8468882602545968,687.9681753889674
483,131.1804656982422,63.85177993774414,0.8543140028288543,725.5473833097595
484,128.78982543945312,56.00752639770508,0.8677510608203678,467.48550212164076
485,115.5352783203125,55.35210418701172,0.8472418670438473,697.2362093352192
486,124.53042602539062,55.95637512207031,0.8688118811881188,522.9296322489391
487,137.1519317626953,55.37295150756836,0.8557284299858557,567.9515558698727
488,158.5699005126953,51.38798141479492,0.8546676096181046,531.1350777934937
489,127.09278869628906,46.38182067871094,0.85997171145686,752.738684582744
490,118.19233703613281,52.72285079956055,0.8536067892503536,799.1057284299859
491,127.30216217041016,45.463993072509766,0.8557284299858557,657.7425742574258
492,115.22286224365234,68.42434692382812,0.8592644978783592,576.521216407355
493,118.86397552490234,53.77531433105469,0.8589108910891089,558.2266619519095
494,128.60423278808594,66.05310821533203,0.861032531824611,710.6191654879774
495,104.03173828125,48.47640609741211,0.8617397454031117,570.4204384724187
496,130.89483642578125,50.35905075073242,0.878005657708628,581.8741159830269
497,114.81298065185547,65.5589370727539,0.8585572842998586,808.812234794908
498,112.00511169433594,60.292396545410156,0.8574964639321075,701.9034653465346
499,141.79014587402344,46.815147399902344,0.8684582743988685,524.6994342291372
500,137.05917358398438,45.386844635009766,0.8748231966053748,606.4236209335219
501,109.42850494384766,58.91029357910156,0.864922206506365,538.9413012729844
502,117.35489654541016,61.89574432373047,0.862093352192362,656.2736916548798
503,119.91263580322266,44.10419845581055,0.865983026874116,693.5530410183876
504,110.10709381103516,55.574745178222656,0.8698727015558698,649.5116690240453
505,137.6262969970703,44.17169952392578,0.8603253182461104,734.995756718529
506,123.16739654541016,51.21186065673828,0.8564356435643564,657.1181046676096
507,128.8171844482422,44.26237106323242,0.8564356435643564,637.3437057991514
508,129.79769897460938,59.97250747680664,0.8500707213578501,658.453323903819
509,118.32658386230469,51.566200256347656,0.8642149929278642,535.9027581329561
510,110.79171752929688,43.259464263916016,0.8525459688826026,818.1368458274399
511,140.1441192626953,55.65252685546875,0.8730551626591231,626.1322489391796
512,140.6577911376953,49.26990509033203,0.8635077793493635,582.3016265912305
513,137.26771545410156,65.0080795288086,0.8617397454031117,621.5378359264498
514,132.31265258789062,55.70693588256836,0.8596181046676096,653.6188118811881
515,112.40644836425781,52.69689178466797,0.8546676096181046,600.1120933521923
516,111.7760009765625,48.394588470458984,0.8560820367751061,665.269801980198
517,145.50112915039062,49.21432876586914,0.8606789250353607,608.7765205091938
518,128.33242797851562,52.53876495361328,0.8730551626591231,527.5954738330976
519,106.47306823730469,49.98691177368164,0.8737623762376238,644.3295615275813
520,110.94839477539062,53.51823806762695,0.8574964639321075,628.1400282885431
521,110.60095977783203,57.900020599365234,0.8723479490806223,538.3090523338049
522,105.33976745605469,53.01061248779297,0.8666902404526167,693.7164073550213
523,123.73857879638672,55.04469299316406,0.8606789250353607,655.951909476662
524,114.51142120361328,39.75385665893555,0.8656294200848657,601.8818953323904
525,128.77577209472656,42.214149475097656,0.8695190947666195,672.5714285714286
526,124.1355972290039,48.62339401245117,0.8737623762376238,671.4812588401697
527,124.36691284179688,67.68009948730469,0.862093352192362,631.2673267326733
528,140.6447296142578,63.95672607421875,0.8528995756718529,693.3794200848656
529,110.98937225341797,48.80860900878906,0.8617397454031117,632.7111032531825
530,123.4974365234375,43.74117660522461,0.8645685997171145,594.01414427157
531,111.79727172851562,56.30717849731445,0.8702263083451203,749.0753182461103
532,143.78675842285156,42.37746810913086,0.8628005657708628,687.4455445544554
533,145.02159118652344,40.7235221862793,0.8748231966053748,512.7492927864215
534,115.1156005859375,48.01432418823242,0.867043847241867,546.0399575671853
535,138.73251342773438,37.86125564575195,0.8606789250353607,682.3415841584158
536,105.65454864501953,51.46751403808594,0.8727015558698727,662.3932107496464
537,126.65790557861328,54.71967697143555,0.8677510608203678,630.0707213578501
538,123.79889678955078,57.57991409301758,0.8691654879773691,659.748585572843
539,121.26921844482422,41.173988342285156,0.8635077793493635,587.1364922206507
540,125.86250305175781,48.44207763671875,0.8560820367751061,828.0342998585572
541,142.24363708496094,63.1236572265625,0.8567892503536068,789.3956859971712
542,128.34254455566406,50.51194763183594,0.8564356435643564,616.7227722772277
543,112.08963775634766,62.3379020690918,0.8628005657708628,656.686350777935
544,113.35900115966797,45.85690689086914,0.8666902404526167,637.5731966053748
545,141.3040771484375,59.358253479003906,0.879066478076379,625.402404526167
546,103.96819305419922,48.90653991699219,0.8681046676096181,588.3797736916549
547,133.3498992919922,54.31110382080078,0.8454738330975955,804.310820367751
548,127.2813720703125,46.71710205078125,0.8666902404526167,629.521216407355
549,122.9755630493164,54.942996978759766,0.8716407355021216,656.4027581329561
550,90.98983001708984,39.59665298461914,0.8716407355021216,507.62906647807637
551,113.96115112304688,44.50623321533203,0.8642149929278642,577.4688826025459
552,113.10888671875,51.28680419921875,0.8688118811881188,575.6173974540311
553,110.85346221923828,54.0272331237793,0.8748231966053748,603.6000707213578
554,115.3882064819336,49.75611877441406,0.8613861386138614,639.6333097595474
555,105.5068588256836,53.05215835571289,0.8691654879773691,665.7224186704385
556,110.03062438964844,59.08755111694336,0.8688118811881188,495.78712871287127
557,119.35984802246094,51.84252166748047,0.8776520509193777,526.6714992927864
558,120.5753402709961,58.63785171508789,0.8677510608203678,667.1856435643564
559,121.57440948486328,49.25611114501953,0.8518387553041018,699.5802687411598
560,122.6219253540039,52.97474670410156,0.8543140028288543,669.7284299858558
561,102.3842544555664,39.825592041015625,0.8518387553041018,733.3691654879774
562,122.19432830810547,49.43415451049805,0.8744695898161244,436.4458981612447
563,127.95889282226562,52.948646545410156,0.8638613861386139,715.0707213578501
564,141.1629180908203,54.02626037597656,0.8596181046676096,646.7001414427157
565,123.3207778930664,63.20183181762695,0.8532531824611033,709.4183168316831
566,119.88066101074219,61.34812545776367,0.8744695898161244,595.3723479490807
567,137.73480224609375,57.43326950073242,0.8638613861386139,735.5162659123055
568,104.59891510009766,37.982357025146484,0.8645685997171145,635.6290664780764
569,109.4618911743164,41.00809860229492,0.8585572842998586,627.3260254596888
570,110.56290435791016,44.679325103759766,0.8603253182461104,632.6364922206507
571,131.4296875,49.10362243652344,0.864922206506365,747.7945544554456
572,96.9170150756836,49.564449310302734,0.8603253182461104,730.8129420084865
573,101.65678405761719,49.30931091308594,0.8801272984441302,489.14073550212163
574,111.52906799316406,61.61754608154297,0.8543140028288543,653.9664073550213
575,128.7397003173828,45.536415100097656,0.8635077793493635,678.048090523338
576,97.93875122070312,52.82884979248047,0.8723479490806223,568.9034653465346
577,130.56884765625,57.799224853515625,0.8645685997171145,711.009900990099
578,133.05726623535156,60.526729583740234,0.8702263083451203,719.1527581329561
579,162.482666015625,45.2164306640625,0.8688118811881188,487.5247524752475
580,118.1689224243164,68.41919708251953,0.8695190947666195,601.7648514851485
581,131.4777374267578,45.37371063232422,0.867043847241867,662.5912305516266
582,123.39680480957031,52.570560455322266,0.8525459688826026,674.072135785007
583,105.95317840576172,46.90308380126953,0.8656294200848657,692.2022630834512
584,115.52643585205078,61.297908782958984,0.8553748231966054,694.1838755304102
585,119.67039489746094,41.67206573486328,0.8521923620933521,728.7846534653465
586,139.29638671875,49.07353591918945,0.8628005657708628,568.6177510608204
587,112.12342071533203,51.166263580322266,0.8681046676096181,733.4147807637906
588,110.11253356933594,43.99407196044922,0.8656294200848657,499.30091937765206
589,104.78609466552734,48.954959869384766,0.8525459688826026,730.9702970297029
590,110.67105865478516,46.2691535949707,0.8624469589816125,698.7736916548798
591,113.59949493408203,48.99490737915039,0.8553748231966054,540.0986562942009
592,108.78826904296875,54.02734375,0.8624469589816125,626.7560113154173
593,120.52424621582031,43.570716857910156,0.8712871287128713,652.6340169731259
594,131.0549774169922,36.05818176269531,0.8543140028288543,660.2206506364922
595,116.35698699951172,40.190547943115234,0.85997171145686,601.3893210749646
596,131.24435424804688,40.63640594482422,0.864922206506365,552.4515558698727
597,128.57225036621094,38.56468963623047,0.8564356435643564,578.6113861386139
598,105.73750305175781,48.3055305480957,0.8613861386138614,504.79172560113153
599,98.83180236816406,37.69758605957031,0.8557284299858557,591.6131541725601
600,127.5087890625,65.19696807861328,0.8578500707213579,545.0827439886846
601,91.38301086425781,62.719905853271484,0.8656294200848657,661.5519801980198
602,117.05548095703125,47.21380615234375,0.8705799151343706,595.3532531824611
603,136.59146118164062,39.053855895996094,0.8592644978783592,672.9575671852899
604,115.4360580444336,46.28500747680664,0.8624469589816125,708.4561527581329
605,122.09854888916016,44.98870849609375,0.8638613861386139,593.9020509193776
606,110.09577178955078,50.011165618896484,0.8557284299858557,602.285360678925
607,116.09500122070312,33.74428176879883,0.8567892503536068,625.9048797736916
608,118.96221160888672,39.19407653808594,0.870933521923621,519.1874115983027
609,137.13259887695312,52.402095794677734,0.8500707213578501,659.048090523338
610,114.45008850097656,42.231231689453125,0.8589108910891089,667.203323903819
611,104.30243682861328,58.43767547607422,0.8514851485148515,688.8253182461103
612,113.05984497070312,45.898773193359375,0.871994342291372,559.8412305516266
613,132.24169921875,56.82787322998047,0.8638613861386139,603.4225601131542
614,146.66098022460938,56.34999465942383,0.870933521923621,664.1117397454032
615,105.71099853515625,42.865177154541016,0.8762376237623762,608.2899575671853
616,107.72827911376953,51.815250396728516,0.8663366336633663,607.4190240452617
617,111.79528045654297,45.93258285522461,0.870933521923621,754.8309759547383
618,124.70455932617188,72.96289825439453,0.8666902404526167,495.1403818953324
619,106.26616668701172,59.17137908935547,0.8638613861386139,599.4413012729844
620,128.20045471191406,54.742610931396484,0.8546676096181046,651.2050919377652
621,106.50556945800781,51.57579040527344,0.8666902404526167,424.055162659123
622,119.58338928222656,43.06926727294922,0.8656294200848657,760.3210749646394
623,102.99481201171875,63.839683532714844,0.8571428571428571,627.7659123055163
624,118.13121795654297,51.349761962890625,0.8511315417256011,708.5261669024045
625,113.06478881835938,45.0908088684082,0.8518387553041018,761.7616690240453
626,101.69361114501953,52.065155029296875,0.8638613861386139,475.90629420084866
627,121.5143814086914,50.21902084350586,0.8628005657708628,655.1322489391796
628,106.65018463134766,42.33692169189453,0.8656294200848657,636.4466053748232
629,121.49227905273438,57.12045669555664,0.862093352192362,576.8405233380481
630,121.44255828857422,55.92245864868164,0.865983026874116,606.4692362093352
631,120.8405990600586,43.9853401184082,0.8705799151343706,573.1562942008486
632,97.01558685302734,34.732215881347656,0.8673974540311173,602.298090523338
633,107.44522857666016,59.59400939941406,0.8645685997171145,577.4826732673267
634,116.27015686035156,31.803598403930664,0.8553748231966054,580.4154879773691
635,125.944580078125,43.9891242980957,0.8624469589816125,728.9345827439887
636,107.05973052978516,42.821754455566406,0.8666902404526167,606.2029702970297
637,125.38276672363281,50.29875946044922,0.867043847241867,649.3355728429985
638,100.88941955566406,42.152793884277344,0.8596181046676096,716.3129420084865
639,121.08411407470703,63.16690444946289,0.8567892503536068,731.5541018387553
640,125.27313995361328,65.72956085205078,0.8574964639321075,613.4034653465346
641,135.0690155029297,41.84518814086914,0.867043847241867,521.5176803394626
642,124.50240325927734,33.29561996459961,0.8532531824611033,757.1909476661951
643,105.06108093261719,36.05442810058594,0.864922206506365,613.8118811881188
644,92.54053497314453,43.52142333984375,0.8493635077793493,745.2167609618105
645,112.6094741821289,59.33403396606445,0.8638613861386139,597.474540311174
646,130.6519317626953,51.45697784423828,0.8574964639321075,696.717468175389
647,107.87178802490234,44.99876022338867,0.8543140028288543,670.483026874116
648,107.90333557128906,43.50688171386719,0.8635077793493635,583.7952616690241
649,111.64965057373047,40.07599639892578,0.8493635077793493,660.4073550212164
650,113.53453063964844,56.510650634765625,0.8419377652050919,801.4451909476662
651,106.229248046875,27.122634887695312,0.8560820367751061,658.3727015558699
652,96.45081329345703,49.181304931640625,0.870933521923621,529.5180339462518
653,98.76486206054688,46.16651153564453,0.8589108910891089,665.6775106082036
654,101.38685607910156,51.1346549987793,0.8560820367751061,772.5915841584158
655,109.91091918945312,52.203189849853516,0.8698727015558698,593.5586987270156
656,117.11553192138672,46.87905502319336,0.8589108910891089,651.4547383309759
657,105.4110107421875,45.979862213134766,0.8684582743988685,687.1492220650637
658,112.57420349121094,45.55315017700195,0.862093352192362,550.4812588401697
659,114.23709869384766,49.17122268676758,0.8638613861386139,562.52828854314
660,111.77879333496094,42.18111801147461,0.8514851485148515,727.2072135785007
661,107.85466003417969,64.30203247070312,0.8567892503536068,659.5823903818954
662,113.64790344238281,64.8373794555664,0.8695190947666195,634.2241867043847
663,133.40487670898438,49.8606071472168,0.867043847241867,582.3044554455446
664,109.83016204833984,54.245826721191406,0.8574964639321075,675.9625176803395
665,121.91203308105469,54.26681900024414,0.882956152758133,665.3925035360679
666,120.00051879882812,46.145259857177734,0.8645685997171145,798.1669024045261
667,113.4075698852539,42.36831283569336,0.8603253182461104,611.5926449787836
668,110.40843200683594,51.17643356323242,0.8727015558698727,539.3309759547383
669,113.97731018066406,36.66228103637695,0.8691654879773691,496.36916548797734
670,100.89268493652344,40.92047119140625,0.8578500707213579,488.65275813295614
671,135.4036102294922,50.37885284423828,0.8553748231966054,679.2913719943423
672,97.48625183105469,49.865516662597656,0.862093352192362,593.3780056577086
673,110.1644287109375,51.36725997924805,0.8592644978783592,656.9724186704385
674,118.49981689453125,59.04121780395508,0.8723479490806223,564.7846534653465
675,116.86279296875,57.560638427734375,0.8751768033946252,523.7164073550213
676,127.25442504882812,46.57096481323242,0.85997171145686,600.7606082036775
677,98.21772766113281,45.086448669433594,0.8822489391796322,624.8751768033947
678,109.82382202148438,52.81645584106445,0.8592644978783592,704.7673267326733
679,127.76737976074219,63.3163948059082,0.8571428571428571,752.8681046676096
680,112.02238464355469,37.71818161010742,0.8734087694483734,592.6831683168317
681,98.88601684570312,45.15436935424805,0.8652758132956153,563.8097595473834
682,105.44337463378906,43.527427673339844,0.8769448373408769,610.5074257425742
683,101.63398742675781,60.63166427612305,0.8712871287128713,718.6403818953324
684,108.27436828613281,58.54021072387695,0.864922206506365,625.5841584158416
685,107.85298156738281,62.781681060791016,0.8861386138613861,493.28818953323906
686,110.92556762695312,63.895565032958984,0.8663366336633663,703.1969589816124
687,119.01728820800781,48.4881477355957,0.8762376237623762,578.7114568599717
688,119.01945495605469,49.253665924072266,0.862093352192362,598.5074257425742
689,119.99678039550781,56.45067596435547,0.8663366336633663,610.1025459688826
690,107.73522186279297,48.10161590576172,0.865983026874116,640.2906647807638
691,136.88238525390625,43.5925178527832,0.8762376237623762,613.4045261669024
692,121.28028869628906,58.11226272583008,0.871994342291372,545.9964639321075
693,133.91082763671875,51.49154281616211,0.8688118811881188,629.3398161244696
694,106.80044555664062,54.29850769042969,0.8684582743988685,612.2082743988684
695,112.140380859375,45.293426513671875,0.8628005657708628,753.507072135785
696,129.8074951171875,50.21061706542969,0.8628005657708628,603.6623055162659
697,113.86151123046875,48.479766845703125,0.8571428571428571,742.1799858557284
698,106.43173217773438,49.697509765625,0.8652758132956153,601.8019801980198
699,98.5713882446289,56.24946975708008,0.8663366336633663,560.7422206506365
700,115.80135345458984,44.68796920776367,0.8500707213578501,724.9299858557284
701,109.22847747802734,47.07076644897461,0.8645685997171145,687.5424328147101
702,106.92399597167969,45.81322479248047,0.8642149929278642,609.8709335219236
703,103.29203796386719,55.564788818359375,0.8550212164073551,607.187765205092
704,134.23683166503906,44.721858978271484,0.8645685997171145,576.1856435643564
705,118.2923812866211,65.10871887207031,0.8613861386138614,735.1255304101838
706,113.8563003540039,38.811641693115234,0.862093352192362,618.7652050919378
707,88.16078186035156,53.557762145996094,0.865983026874116,609.2942008486563
708,91.84613037109375,41.752838134765625,0.8585572842998586,749.449080622348
709,109.62674713134766,51.21256637573242,0.8765912305516266,576.0420792079208
710,113.281982421875,42.43949508666992,0.8631541725601132,636.0406647807638
711,117.88204193115234,39.25404739379883,0.8603253182461104,705.5049504950495
712,99.20222473144531,47.26171875,0.8613861386138614,586.5530410183876
713,108.27421569824219,45.285865783691406,0.8628005657708628,679.4225601131542
714,122.58391571044922,54.116031646728516,0.8483026874115983,710.4080622347949
715,91.7815933227539,64.25254821777344,0.8617397454031117,608.0272277227723
716,96.2121810913086,59.93643569946289,0.864922206506365,543.2461103253182
717,95.65882110595703,49.53010559082031,0.8557284299858557,660.2248939179632
718,101.57361602783203,48.172119140625,0.8755304101838756,461.6700848656294
719,129.61474609375,50.44076156616211,0.8635077793493635,673.8239038189533
720,126.35824584960938,45.411380767822266,0.865983026874116,613.035360678925
721,97.6584701538086,59.309043884277344,0.8712871287128713,591.0929985855728
722,110.74283599853516,42.60968017578125,0.8698727015558698,535.8097595473834
723,100.63897705078125,43.35116195678711,0.8705799151343706,637.0693069306931
724,85.45392608642578,48.88545608520508,0.8744695898161244,577.5724893917964
725,111.9305648803711,49.0322265625,0.8635077793493635,600.8981612446959
726,90.20452880859375,58.79292297363281,0.8737623762376238,611.4123055162659
727,97.5547866821289,42.822200775146484,0.8684582743988685,766.1152758132956
728,97.2880859375,45.073673248291016,0.8628005657708628,656.1966053748232
729,94.8914566040039,30.34779930114746,0.8642149929278642,720.3405233380481
730,101.27081298828125,48.08705520629883,0.8698727015558698,554.3932107496464
731,108.06045532226562,47.677452087402344,0.8642149929278642,699.3635077793493
732,102.33110046386719,51.51325225830078,0.8737623762376238,649.4367043847242
733,101.59513854980469,37.30992889404297,0.8656294200848657,633.1644271570015
734,117.9758071899414,60.73478317260742,0.8645685997171145,681.936350777935
735,104.13225555419922,45.840354919433594,0.8698727015558698,586.1025459688826
736,137.0361785888672,54.864532470703125,0.870933521923621,571.8270862800566
737,118.86338806152344,45.15808868408203,0.867043847241867,621.5116690240453
738,88.48091125488281,48.18758773803711,0.8673974540311173,604.050919377652
739,120.43104553222656,49.73240280151367,0.8684582743988685,674.7408062234795
740,116.4478759765625,48.73597717285156,0.8705799151343706,657.7125176803395
741,138.3129119873047,41.90541076660156,0.8596181046676096,676.3154172560113
742,104.61077880859375,46.43888854980469,0.8613861386138614,607.2807637906648
743,104.20602416992188,56.071170806884766,0.8691654879773691,582.9123055162659
744,125.10230255126953,44.73234939575195,0.8638613861386139,782.5657708628006
745,123.20484924316406,41.194583892822266,0.861032531824611,518.6983734087695
746,87.29766082763672,51.926368713378906,0.8765912305516266,684.5219236209335
747,117.08004760742188,45.72234344482422,0.8727015558698727,628.0275813295615
748,119.15495300292969,61.420066833496094,0.861032531824611,508.97100424328147
749,93.58293914794922,39.65117263793945,0.8666902404526167,595.9013437057991
750,101.42041015625,63.20627212524414,0.8716407355021216,662.8224893917964
751,122.15465545654297,57.529075622558594,0.8730551626591231,571.6170438472419
752,87.21297454833984,46.52079772949219,0.8758840169731259,621.7167609618105
753,106.94395446777344,56.45122146606445,0.8550212164073551,555.227369165488
754,126.53285217285156,58.867942810058594,0.8684582743988685,700.8589108910891
755,94.70919799804688,45.1977653503418,0.8712871287128713,654.9105374823197
756,103.2996826171875,54.609375,0.8705799151343706,509.20332390381895
757,118.76941680908203,53.9006462097168,0.849009900990099,800.7478783592645
758,115.42386627197266,44.22074508666992,0.8702263083451203,635.3355728429985
759,105.57899475097656,52.23655700683594,0.8585572842998586,613.6859971711457
760,128.3206329345703,53.891334533691406,0.8695190947666195,666.6587694483734
761,97.40576934814453,43.5735969543457,0.8712871287128713,614.2280763790665
762,93.33512878417969,50.94043731689453,0.8624469589816125,544.8048090523338
763,88.77538299560547,42.997222900390625,0.8571428571428571,675.7545968882603
764,96.31695556640625,61.45791244506836,0.8741159830268741,497.3490099009901
765,102.12564086914062,52.019920349121094,0.8528995756718529,739.7128712871287
766,104.87199401855469,48.61608123779297,0.8536067892503536,558.3500707213578
767,105.19981384277344,35.78482437133789,0.8663366336633663,712.3585572842999
768,110.57465362548828,48.95611572265625,0.8730551626591231,549.1014851485148
769,112.1483154296875,53.26420974731445,0.8603253182461104,711.4359971711457
770,110.59174346923828,43.6858024597168,0.85997171145686,679.8422913719943
771,137.10694885253906,75.52867889404297,0.862093352192362,685.6612446958982
772,110.13542175292969,46.15634536743164,0.8776520509193777,640.7959688826026
773,108.46956634521484,64.08517456054688,0.8723479490806223,626.8995756718529
774,90.28373718261719,51.53684997558594,0.871994342291372,701.2213578500707
775,108.5613784790039,41.82090377807617,0.8578500707213579,699.3695190947666
776,103.4892578125,45.71810531616211,0.8765912305516266,532.4080622347949
777,95.59764862060547,53.977420806884766,0.8705799151343706,446.8511315417256
778,95.99604034423828,51.89236068725586,0.8677510608203678,596.086280056577
779,98.03621673583984,72.17090606689453,0.8794200848656294,537.498585572843
780,110.79227447509766,57.69822311401367,0.8596181046676096,635.484441301273
781,112.15200805664062,63.6822509765625,0.8589108910891089,713.8811881188119
782,129.7588348388672,50.73908233642578,0.8698727015558698,588.0162659123055
783,101.26557922363281,54.687400817871094,0.8652758132956153,839.9370579915135
784,95.80858612060547,54.90265655517578,0.870933521923621,685.8412305516266
785,97.48483276367188,47.020259857177734,0.8603253182461104,717.0374823196605
786,81.30767059326172,46.10264587402344,0.8564356435643564,714.7284299858558
787,118.2361831665039,50.92266845703125,0.8677510608203678,632.4526166902405
788,103.1122055053711,55.78059768676758,0.8617397454031117,603.6997878359265
789,84.8287124633789,43.288734436035156,0.8645685997171145,588.1718528995757
790,105.17835235595703,51.038658142089844,0.8514851485148515,669.6513437057991
791,105.69622039794922,39.494991302490234,0.8571428571428571,725.813649222065
792,92.16297912597656,54.77686309814453,0.8645685997171145,627.1626591230552
793,119.78375244140625,54.6453857421875,0.8645685997171145,470.49893917963226
794,86.43128204345703,42.230201721191406,0.8808345120226309,534.961810466761
795,100.10530853271484,42.066226959228516,0.8815417256011315,521.0537482319661
796,89.23715209960938,41.098976135253906,0.8744695898161244,559.5855728429985
797,134.7236328125,31.616178512573242,0.8543140028288543,645.8065770862801
798,101.93844604492188,51.436580657958984,0.867043847241867,655.312234794908
799,87.80338287353516,40.912349700927734,0.865983026874116,628.0243988684583
800,108.12007141113281,44.72899627685547,0.8635077793493635,513.5958274398869
801,123.88629150390625,37.2952766418457,0.8528995756718529,635.7135785007072
802,109.21820831298828,41.46974563598633,0.85997171145686,685.6244695898162
803,118.06739807128906,50.82818603515625,0.8557284299858557,774.9575671852899
804,103.54267120361328,53.83864212036133,0.8582036775106082,616.9635785007072
805,123.72623443603516,63.01765060424805,0.8571428571428571,680.3150636492221
806,110.0259017944336,50.052284240722656,0.8769448373408769,556.9932814710043
807,110.40418243408203,47.28715133666992,0.867043847241867,578.7489391796322
808,85.48605346679688,37.34891128540039,0.864922206506365,626.8511315417256
809,111.52489471435547,50.802730560302734,0.8550212164073551,623.6566478076379
810,98.29966735839844,52.84423828125,0.8603253182461104,570.4833804809052
811,115.14244079589844,56.86184310913086,0.8642149929278642,523.734441301273
812,110.62274932861328,42.152462005615234,0.865983026874116,501.67220650636494
813,102.94053649902344,71.93888854980469,0.8521923620933521,762.1495756718529
814,95.12800598144531,39.655696868896484,0.8755304101838756,466.36280056577084
815,110.88439178466797,47.13645935058594,0.8560820367751061,606.8178925035361
816,108.79277801513672,35.56502151489258,0.864922206506365,615.453323903819
817,98.91082000732422,47.501670837402344,0.867043847241867,540.3981612446959
818,104.99775695800781,36.952232360839844,0.8663366336633663,601.8277934936351
819,85.35199737548828,40.10273361206055,0.8638613861386139,559.3369872701555
820,102.51777648925781,57.48306655883789,0.867043847241867,538.7383309759547
821,116.7224349975586,64.63629150390625,0.8677510608203678,672.5792079207921
822,114.27764892578125,47.878265380859375,0.8645685997171145,655.6393210749646
823,101.84394836425781,35.43857955932617,0.8762376237623762,462.06577086280055
824,105.99857330322266,53.8995475769043,0.8613861386138614,572.7263083451202
825,99.00660705566406,52.01675796508789,0.8642149929278642,616.0785007072136
826,118.68132781982422,45.72417449951172,0.8617397454031117,747.1117397454032
827,100.4913330078125,49.65334701538086,0.867043847241867,550.967468175389
828,107.62970733642578,49.01618194580078,0.8695190947666195,512.2468175388967
829,106.31495666503906,50.442264556884766,0.8536067892503536,659.9108910891089
830,121.17283630371094,52.17426681518555,0.8553748231966054,524.8769448373408
831,102.21046447753906,39.52684020996094,0.862093352192362,757.7888967468175
832,101.08872985839844,56.00543212890625,0.8589108910891089,578.8642149929278
833,107.10356903076172,37.45412826538086,0.8525459688826026,685.4978783592645
834,136.6262664794922,42.65735626220703,0.8557284299858557,598.8355728429985
835,107.69474029541016,62.55778121948242,0.8681046676096181,509.5413719943423
836,110.18523406982422,64.22370910644531,0.8557284299858557,689.6821074964639
837,93.42757415771484,48.58766555786133,0.865983026874116,531.761315417256
838,79.13971710205078,53.24467849731445,0.8663366336633663,455.78394625176804
839,103.22657012939453,48.81468963623047,0.8483026874115983,754.2461103253182
840,100.0431900024414,49.84364318847656,0.8762376237623762,531.3610325318247
841,112.30455017089844,38.98402404785156,0.8585572842998586,509.59865629420085
842,101.79379272460938,48.95835494995117,0.8638613861386139,598.8543140028288
843,87.78875732421875,51.0081901550293,0.8628005657708628,537.0997171145686
844,101.0994873046875,58.5274658203125,0.8553748231966054,597.4455445544554
845,121.0400390625,52.84291076660156,0.8539603960396039,702.7468175388967
846,100.35619354248047,46.69185256958008,0.8613861386138614,727.005657708628
847,111.66507720947266,50.381080627441406,0.8748231966053748,654.9483734087695
848,98.11711883544922,41.83159637451172,0.8741159830268741,655.5968882602546
849,123.81716918945312,47.48516845703125,0.8589108910891089,747.9579207920792
850,91.34317016601562,42.995758056640625,0.870933521923621,488.1414427157001
851,110.66670989990234,45.97132873535156,0.8716407355021216,572.9794908062235
852,106.53756713867188,54.343101501464844,0.8677510608203678,615.6050212164074
853,101.57125091552734,61.212459564208984,0.8574964639321075,654.6944837340877
854,127.35531616210938,43.545318603515625,0.8744695898161244,613.9062942008486
855,100.16574096679688,61.777809143066406,0.8652758132956153,581.0894625176803
856,99.9460678100586,49.014793395996094,0.8695190947666195,536.2531824611033
857,128.37879943847656,34.618385314941406,0.8727015558698727,607.0961810466761
858,102.0702896118164,48.91542053222656,0.862093352192362,622.3334512022631
859,119.70965576171875,40.287742614746094,0.8741159830268741,638.860325318246
860,92.9424057006836,52.543216705322266,0.85997171145686,612.1060820367751
861,107.04450225830078,42.91794204711914,0.8603253182461104,605.3716407355021
862,129.60809326171875,38.247745513916016,0.8638613861386139,626.1852899575672
863,95.18403625488281,48.603843688964844,0.8772984441301273,591.2206506364922
864,122.25657653808594,65.45796966552734,0.8578500707213579,739.4667609618105
865,118.49468994140625,44.46102523803711,0.8688118811881188,642.3401697312588
866,111.09244537353516,58.574951171875,0.8748231966053748,678.3507779349363
867,102.80426025390625,51.285831451416016,0.8652758132956153,531.8465346534654
868,100.0140151977539,35.06053161621094,0.8592644978783592,784.7659123055163
869,98.40795135498047,49.84624099731445,0.8567892503536068,592.3207213578501
870,119.59284210205078,46.2561149597168,0.8582036775106082,631.1743281471004
871,94.75222778320312,54.718994140625,0.864922206506365,616.6188118811881
872,98.60911560058594,42.92564010620117,0.878005657708628,465.00530410183876
873,105.14273834228516,41.21925735473633,0.8712871287128713,493.63154172560115
874,78.55905151367188,41.97905731201172,0.8589108910891089,670.2659123055163
875,111.01396179199219,34.68852233886719,0.8596181046676096,721.6166902404526
876,88.95116424560547,44.418121337890625,0.8546676096181046,653.4448373408769
877,104.84333801269531,64.76033782958984,0.8582036775106082,668.8716407355021
878,98.13516235351562,54.35232162475586,0.8486562942008486,715.9671145685998
879,95.7337417602539,35.37805938720703,0.8624469589816125,753.2998585572843
880,100.30935668945312,54.31410217285156,0.8695190947666195,519.4897454031118
881,103.18032836914062,48.761260986328125,0.870933521923621,607.7842998585572
882,92.54070281982422,43.45637512207031,0.8564356435643564,640.1591230551627
883,100.48096466064453,41.307151794433594,0.8751768033946252,467.5342998585573
884,125.47785186767578,52.92150115966797,0.8684582743988685,529.91513437058
885,89.77803039550781,52.480159759521484,0.8716407355021216,638.8454738330976
886,110.5689926147461,50.202667236328125,0.8684582743988685,696.7680339462518
887,94.68284606933594,43.242828369140625,0.8804809052333805,479.1679632248939
888,97.94071960449219,43.59267044067383,0.8613861386138614,465.72560113154174
889,108.50960540771484,63.20417785644531,0.8603253182461104,639.9299858557284
890,93.71239471435547,46.47583770751953,0.8727015558698727,462.220297029703
891,94.4144058227539,41.36271286010742,0.8663366336633663,579.6234087694484
892,101.42061614990234,47.3671760559082,0.8684582743988685,644.8921499292786
893,97.51271057128906,40.07322692871094,0.8645685997171145,594.1117397454032
894,97.54324340820312,59.595787048339844,0.8723479490806223,655.437765205092
895,112.68692779541016,53.49180221557617,0.8525459688826026,777.1223479490807
896,123.10160064697266,38.56245803833008,0.8723479490806223,505.74080622347947
897,108.87132263183594,50.94414520263672,0.8596181046676096,665.3589108910891
898,105.07818603515625,41.094390869140625,0.8656294200848657,693.9798444130128
899,116.66403198242188,57.5955924987793,0.8560820367751061,566.7648514851485
900,128.56356811523438,48.96696472167969,0.8592644978783592,491.61138613861385
901,110.68549346923828,66.88092803955078,0.8461810466760962,759.5194483734087
902,102.58267974853516,34.715003967285156,0.8691654879773691,479.19271570014143
903,105.18590545654297,48.078369140625,0.8656294200848657,551.4087694483734
904,115.28910064697266,60.21017837524414,0.85997171145686,656.9243281471004
905,93.8484115600586,45.68229293823242,0.8582036775106082,612.3306223479491
906,83.36469268798828,46.29807662963867,0.8532531824611033,658.8589108910891
907,101.92107391357422,58.86181640625,0.8603253182461104,749.0806223479491
908,113.84000396728516,42.54909896850586,0.8560820367751061,540.4536775106083
909,101.33634185791016,38.69099426269531,0.8589108910891089,552.994342291372
910,103.9455337524414,55.44015121459961,0.8656294200848657,425.5498585572843
911,121.87552642822266,38.48884201049805,0.8550212164073551,558.4016973125885
912,107.08992767333984,40.109954833984375,0.8652758132956153,442.3596181046676
913,96.52806854248047,51.7535514831543,0.8730551626591231,444.98196605374824
914,96.35250091552734,41.18144607543945,0.8589108910891089,624.5947666195191
915,101.36692810058594,29.591304779052734,0.8567892503536068,579.4211456859972
916,109.81011199951172,39.742069244384766,0.8567892503536068,610.7404526166903
917,103.21615600585938,38.754974365234375,0.85997171145686,617.0328854314002
918,100.70236206054688,52.96397018432617,0.8677510608203678,585.9002828854314
919,105.96281433105469,39.26982879638672,0.8705799151343706,700.8734087694484
920,130.24237060546875,49.4962272644043,0.871994342291372,444.0318246110325
921,90.7816390991211,48.226715087890625,0.8638613861386139,653.2012022630835
922,103.22074127197266,47.07941818237305,0.8628005657708628,565.3949787835926
923,72.4153823852539,39.424869537353516,0.85997171145686,631.5106082036775
924,70.37508392333984,45.29701232910156,0.8589108910891089,650.7743988684583
925,104.90272521972656,45.13470458984375,0.8617397454031117,555.7846534653465
926,100.85550689697266,42.91263198852539,0.8744695898161244,502.0912305516266
927,111.82788848876953,48.099342346191406,0.8582036775106082,514.0350070721358
928,117.48306274414062,36.69041442871094,0.8652758132956153,723.3857850070722
929,101.13031005859375,57.95652389526367,0.8543140028288543,710.9002828854314
930,90.10970306396484,61.98373031616211,0.861032531824611,615.836280056577
931,102.46553039550781,54.977996826171875,0.8564356435643564,549.2920792079208
932,116.69303894042969,40.36140060424805,0.8550212164073551,532.3645685997171
933,101.16609191894531,39.24085235595703,0.8500707213578501,807.33486562942
934,106.57601928710938,40.57798385620117,0.8514851485148515,503.50919377652053
935,86.0666732788086,48.01808166503906,0.8578500707213579,589.8589108910891
936,95.02613830566406,48.61973190307617,0.865983026874116,466.09016973125887
937,101.17574310302734,37.58214569091797,0.8656294200848657,664.464639321075
938,100.65270233154297,69.82270812988281,0.8673974540311173,499.4837340876945
939,81.72804260253906,35.84231185913086,0.8666902404526167,568.6301272984441
940,87.06743621826172,50.06635665893555,0.8638613861386139,495.6198727015559
941,100.74065399169922,38.63602066040039,0.8603253182461104,486.8228429985856
942,102.80233764648438,54.191925048828125,0.8624469589816125,631.723125884017
943,118.61068725585938,48.99365234375,0.8550212164073551,765.271216407355
944,96.47178649902344,43.95718765258789,0.8536067892503536,603.5565770862801
945,86.43680572509766,51.57347869873047,0.8560820367751061,536.6516973125885
946,99.26443481445312,48.26136779785156,0.8638613861386139,413.7157001414427
947,82.39520263671875,42.072792053222656,0.8578500707213579,544.9324611032532
948,122.73206329345703,35.71733474731445,0.864922206506365,603.2294908062235
949,80.86174011230469,47.02970504760742,0.8652758132956153,463.52899575671853
950,91.83338928222656,48.44786834716797,0.8589108910891089,490.70968882602546
951,92.89186096191406,40.244014739990234,0.8461810466760962,518.9681753889674
952,117.65886688232422,45.677467346191406,0.8458274398868458,695.3483026874115
953,135.9847412109375,38.4463005065918,0.8557284299858557,521.8185997171146
954,117.52149200439453,45.790367126464844,0.85997171145686,600.9522630834512
955,114.54930877685547,48.88594055175781,0.8468882602545968,720.5031824611033
956,103.69833374023438,53.69512176513672,0.8638613861386139,602.663719943423
957,99.1895980834961,35.58449172973633,0.8585572842998586,503.03712871287127
958,95.81114196777344,50.11030960083008,0.8628005657708628,658.7135785007072
959,114.8931655883789,43.088809967041016,0.8578500707213579,513.0187411598303
960,110.63735961914062,54.43186569213867,0.8635077793493635,521.6849363507779
961,120.61612701416016,49.80667495727539,0.8472418670438473,480.03642149929277
962,84.53533172607422,49.740203857421875,0.8642149929278642,497.63295615275814
963,112.4848403930664,49.06027603149414,0.8695190947666195,620.3871994342292
964,78.01992797851562,52.40900802612305,0.8688118811881188,565.2606082036775
965,90.35430908203125,49.640785217285156,0.8748231966053748,508.02758132956154
966,128.0316162109375,46.907657623291016,0.861032531824611,607.755657708628
967,109.70909118652344,41.23263168334961,0.8652758132956153,571.8189533239038
968,113.03385925292969,35.035118103027344,0.864922206506365,603.9748939179632
969,99.88330841064453,54.310821533203125,0.8635077793493635,547.1014851485148
970,93.638427734375,41.2325325012207,0.8666902404526167,545.6782178217821
971,108.52597045898438,46.273109436035156,0.8606789250353607,558.3253182461103
972,87.37947845458984,42.97760009765625,0.8663366336633663,498.8769448373409
973,104.50726318359375,48.36104965209961,0.8666902404526167,510.987270155587
974,91.67530059814453,44.685028076171875,0.8642149929278642,556.3536067892503
975,83.10865783691406,44.70512390136719,0.8681046676096181,488.233026874116
976,90.76138305664062,50.44606018066406,0.8638613861386139,689.5251060820368
977,107.54915618896484,48.39280700683594,0.8553748231966054,548.4013437057991
978,95.48931884765625,33.64288330078125,0.862093352192362,505.6311881188119
979,111.65140533447266,45.161746978759766,0.878005657708628,517.3560820367751
980,95.53205108642578,48.232120513916016,0.8560820367751061,636.4006364922207
981,110.80440521240234,45.35588455200195,0.8567892503536068,577.727369165488
982,106.07481384277344,30.701217651367188,0.8628005657708628,526.019801980198
983,90.6949462890625,44.0839729309082,0.8589108910891089,585.3861386138614
984,111.90404510498047,36.26512145996094,0.8684582743988685,586.2100424328147
985,119.39237213134766,51.09172058105469,0.8546676096181046,575.8804809052334
986,114.48487091064453,46.384883880615234,0.8521923620933521,646.4819660537482
987,120.41980743408203,50.61542510986328,0.8681046676096181,698.1506364922207
988,106.7681884765625,44.09747314453125,0.8550212164073551,674.7188826025459
989,91.74021911621094,52.97310256958008,0.8635077793493635,681.8681046676096
990,111.94017028808594,37.17560577392578,0.8716407355021216,625.5891089108911
991,102.1828842163086,50.02534484863281,0.8528995756718529,607.559405940594
992,101.66231536865234,44.95018005371094,0.8652758132956153,554.5364214992928
993,108.89717864990234,48.895301818847656,0.8585572842998586,603.9734794908062
994,121.68946838378906,61.52790069580078,0.8500707213578501,762.927864214993
995,110.96321868896484,48.94105911254883,0.8673974540311173,561.4009900990098
996,104.30891418457031,53.358436584472656,0.8578500707213579,650.0187411598303
997,95.08265686035156,52.11117172241211,0.862093352192362,465.9720650636492
998,98.42005920410156,43.435794830322266,0.8638613861386139,507.72100424328147
999,110.21430206298828,47.866233825683594,0.8656294200848657,611.4897454031118
1000,101.93091583251953,45.73272705078125,0.8606789250353607,614.5424328147101
